George,397,2025-10-01T08:32:48.354Z
Mia,17,2025-10-01T09:04:12.000Z
AI John,57,2025-10-01T12:27:45.000Z
AI Liam,57,2025-10-01T14:15:33.000Z
AI Alice,56,2025-10-01T16:48:50.000Z
AI Mia,56,2025-10-01T18:10:05.000Z
AI George,57,2025-10-02T08:21:12.000Z
Liam,9,2025-10-02T11:45:29.000Z
John,6,2025-10-02T14:52:41.000Z
AI Emma,53,2025-10-02T17:30:07.000Z
Alice,10,2025-10-02T20:15:19.000Z
Emma,13,2025-10-03T09:22:38.000Z
Bob,3,2025-10-03T12:05:54.000Z
AI Bob,58,2025-10-03T14:10:01.000Z
AI Jim,35,2025-10-03T15:46:50.079Z
Callum,10,2025-10-03T15:58:13.560Z
AI Callum,32,2025-10-03T15:58:27.780Z
AI Bobby,30,2025-10-03T16:01:14.306Z
